Type,Name,Request Count,Failure Count,Median Response Time,Average Response Time,Min Response Time,Max Response Time,Average Content Size,Requests/s,Failures/s,50%,66%,75%,80%,90%,95%,98%,99%,99.9%,99.99%,100%
POST,/v2/adduserbank,2451,0,4700.0,7848.829313853519,52.3197241127491,39248.41996282339,51.17951856385149,18.72559784661799,0.0,4700,9300,11000,12000,19000,26000,37000,38000,39000,39000,39000
POST,/v3/2fa/auth,300,0,18000.0,19152.923813574016,2596.8025512993336,47726.07384249568,1254.0,2.2919948404673183,0.0,18000,22000,25000,27000,32000,35000,38000,42000,48000,48000,48000
POST,/v3/login,300,0,14000.0,16813.445115486782,6532.7642392367125,46882.12567195296,152.0,2.2919948404673183,0.0,14000,18000,22000,23000,30000,38000,43000,46000,47000,47000,47000
,Aggregated,3051,0,6600.0,9841.819510643467,52.3197241127491,47726.07384249568,179.3644706653556,23.30958752755263,0.0,6600,11000,13000,16000,24000,30000,38000,39000,46000,48000,48000
