Type,Name,Request Count,Failure Count,Median Response Time,Average Response Time,Min Response Time,Max Response Time,Average Content Size,Requests/s,Failures/s,50%,66%,75%,80%,90%,95%,98%,99%,99.9%,99.99%,100%
POST,/v2/notifications,12,0,77,80.30722243711352,72.71505892276764,108.28884318470955,325.0,0.4133145297940337,0.0,78,79,81,81,87,110,110,110,110,110,110
GET,/v2/settings,27,0,56,72.49062073727448,52.026258781552315,210.37927828729153,889.0,0.9299576920365759,0.0,56,58,59,61,190,200,210,210,210,210,210
GET,/v2/totalnotifications,23,0,68,78.95278088424517,59.4429187476635,270.3295089304447,12.0,0.7921861821052313,0.0,68,70,72,78,81,110,270,270,270,270,270
POST,/v3/login,6,0,270.0,261.88636633257073,210.2846074849367,283.36143493652344,1243.0,0.20665726489701686,0.0,270,270,280,280,280,280,280,280,280,280,280
GET,/v3/market,9,0,55,68.81376107533772,48.267848789691925,193.76415200531483,10870.666666666666,0.3099858973455253,0.0,55,56,56,58,190,190,190,190,190,190,190
GET,/v3/mission/polling/first-action,9,0,57,77.5336931563086,53.65157686173916,228.69407944381237,106.0,0.3099858973455253,0.0,57,59,64,67,230,230,230,230,230,230,230
GET,/v3/profile,20,0,67,91.03855919092894,61.350272968411446,249.22018311917782,1145.0,0.6888575496567229,0.0,68,72,91,140,170,250,250,250,250,250,250
,Aggregated,106,0,66,89.1138099942286,48.267848789691925,283.36143493652344,1484.2169811320755,3.650945013180631,0.0,67,71,78,81,200,260,270,280,280,280,280
