Type,Name,Request Count,Failure Count,Median Response Time,Average Response Time,Min Response Time,Max Response Time,Average Content Size,Requests/s,Failures/s,50%,66%,75%,80%,90%,95%,98%,99%,99.9%,99.99%,100%
POST,/v3/login,1,0,379.5606829226017,379.5606829226017,379.5606829226017,379.5606829226017,1243.0,0.03814485425242782,0.0,380,380,380,380,380,380,380,380,380,380,380
GET,/v3/mission/polling/first-action,9,0,58,111.34104885988765,49.062684178352356,298.14733751118183,106.0,0.3433036882718504,0.0,58,62,150,230,300,300,300,300,300,300,300
,Aggregated,10,0,58,138.16301226615906,49.062684178352356,379.5606829226017,219.7,0.38144854252427823,0.0,62,150,230,300,380,380,380,380,380,380,380
