Type,Name,Request Count,Failure Count,Median Response Time,Average Response Time,Min Response Time,Max Response Time,Average Content Size,Requests/s,Failures/s,50%,66%,75%,80%,90%,95%,98%,99%,99.9%,99.99%,100%
POST,/v2/notifications,13,0,76,96.2978291970033,72.76694104075432,232.47780464589596,325.0,0.4477707842535713,0.0,76,82,87,110,130,230,230,230,230,230,230
GET,/v2/settings,14,0,57,70.9653456828424,53.35741862654686,199.00036230683327,889.0,0.48221469073461526,0.0,58,61,63,67,96,200,200,200,200,200,200
POST,/v3/balance,22,0,54,64.05946646224369,49.02739264070988,112.97745816409588,15.0,0.7577659425829668,0.0,54,63,73,74,89,110,110,110,110,110,110
POST,/v3/login,8,0,250.0,283.5445012897253,229.79498840868473,427.0735792815685,1243.0,0.27555125184835155,0.0,260,260,340,340,430,430,430,430,430,430,430
GET,/v3/market,9,0,54,73.61551001667976,49.89548400044441,216.03730507194996,10899.555555555555,0.3099951583293955,0.0,54,55,66,68,220,220,220,220,220,220,220
GET,/v3/mission/polling/first-action,12,0,55,57.72761985038718,53.16008999943733,71.53322733938694,106.0,0.41332687777252736,0.0,55,56,60,60,69,72,72,72,72,72,72
GET,/v3/profile,39,0,66,89.09136204956434,56.10054172575474,286.449933424592,1145.0,1.3433123527607138,0.0,66,73,83,87,170,240,290,290,290,290,290
,Aggregated,117,0,65,91.90500034098952,49.02739264070988,427.0735792815685,1461.2649572649573,4.029937058282141,0.0,65,74,81,89,230,250,290,340,430,430,430
