Type,Name,Request Count,Failure Count,Median Response Time,Average Response Time,Min Response Time,Max Response Time,Average Content Size,Requests/s,Failures/s,50%,66%,75%,80%,90%,95%,98%,99%,99.9%,99.99%,100%
POST,/v2/notifications,21,0,88,138.1493822804519,72.48719409108162,665.6615752726793,325.0,0.7225436635178049,0.0,88,94,140,180,230,230,670,670,670,670,670
GET,/v2/settings,19,0,55,78.2376512100822,49.75680820643902,194.59937699139118,889.0,0.6537299812780138,0.0,55,58,62,130,180,190,190,190,190,190,190
GET,/v2/totalnotifications,33,0,68,75.5178565441659,61.382317915558815,200.73924399912357,12.0,1.1354257569565505,0.0,68,69,70,70,75,190,200,200,200,200,200
POST,/v3/login,8,0,310.0,311.6143860388547,204.0851917117834,524.712136015296,1243.0,0.27525472895916375,0.0,310,310,330,330,520,520,520,520,520,520,520
GET,/v3/mission/polling/first-action,11,0,56,59.781498699025676,54.45462465286255,83.99147912859917,106.0,0.37847525231885015,0.0,56,60,60,60,63,84,84,84,84,84,84
GET,/v3/profile,18,0,70,84.96454089052148,60.46278402209282,227.26215049624443,1145.0,0.6193231401581184,0.0,71,77,88,90,110,230,230,230,230,230,230
,Aggregated,110,0,69,105.08740888061848,49.75680820643902,665.6615752726793,507.56363636363636,3.7847525231885015,0.0,70,80,90,110,210,310,330,520,670,670,670
